[
  {
    "timestamp": "2025-06-21 16:14:01.044485",
    "umbral_anterior": 0.9397992672203224,
    "umbral_nuevo": 0.71,
    "razon": "Pq no ps flaco"
  },
  {
    "timestamp": "2025-06-21 23:34:05.269148",
    "umbral_anterior": 0.9397992672203224,
    "umbral_nuevo": 0.999,
    "razon": "Pqno"
  },
  {
    "timestamp": "2025-06-21 23:34:43.137129",
    "umbral_anterior": 0.999,
    "umbral_nuevo": 0.806,
    "razon": "hjttdhdh"
  },
  {
    "timestamp": "2025-06-21 23:53:02.462564",
    "umbral_anterior": 0.806,
    "umbral_nuevo": 0.76,
    "razon": "dffgdh"
  },
  {
    "timestamp": "2025-06-21 23:54:04.836470",
    "umbral_anterior": 0.76,
    "umbral_nuevo": 0.3,
    "razon": "kkkkkkkkkk"
  },
  {
    "timestamp": "2025-06-23 18:11:55.200644",
    "umbral_anterior": 0.9397992672203224,
    "umbral_nuevo": 0.965,
    "razon": "Pruba"
  }
]